{
    "benchmarks": [
        {
            "param": null,
            "name": "test_insert_nothing_traditional",
            "stats": {
                "iterations": 1,
                "iqr_outliers": 8,
                "mean": 0.0011008531915674574,
                "max": 0.020393940998474136,
                "iqr": 0.0001786067550710868,
                "q1": 0.0009417014989594463,
                "stddev": 0.0010210160371514566,
                "rounds": 365,
                "hd15iqr": 0.0013941200013505295,
                "q3": 0.0011203082540305331,
                "min": 0.0009290770103689283,
                "ld15iqr": 0.0009290770103689283,
                "stddev_outliers": 1,
                "outliers": "1;8",
                "median": 0.001002706994768232
            },
            "group": null,
            "extra_info": {},
            "params": null,
            "options": {
                "max_time": 1.0,
                "disable_gc": false,
                "min_time": 5e-06,
                "min_rounds": 5,
                "warmup": false,
                "timer": "perf_counter"
            },
            "fullname": "tests/benchmarks/test_insert_nothing.py::test_insert_nothing_traditional"
        },
        {
            "param": null,
            "name": "test_insert_nothing_native",
            "stats": {
                "iterations": 1,
                "iqr_outliers": 291,
                "mean": 0.00039609490501617614,
                "max": 0.0013513370067812502,
                "iqr": 1.1355507012922317e-05,
                "q1": 0.00037297899689292535,
                "stddev": 6.544933333969188e-05,
                "rounds": 1656,
                "hd15iqr": 0.00040159400668926537,
                "q3": 0.00038433450390584767,
                "min": 0.00036581601307261735,
                "ld15iqr": 0.00036581601307261735,
                "stddev_outliers": 128,
                "outliers": "128;291",
                "median": 0.0003748419985640794
            },
            "group": null,
            "extra_info": {},
            "params": null,
            "options": {
                "max_time": 1.0,
                "disable_gc": false,
                "min_time": 5e-06,
                "min_rounds": 5,
                "warmup": false,
                "timer": "perf_counter"
            },
            "fullname": "tests/benchmarks/test_insert_nothing.py::test_insert_nothing_native"
        },
        {
            "param": null,
            "name": "test_upsert_traditional",
            "stats": {
                "iterations": 1,
                "iqr_outliers": 17,
                "mean": 0.001145858813147723,
                "max": 0.002985590006574057,
                "iqr": 0.00017118299729190767,
                "q1": 0.0010492540095583536,
                "stddev": 0.00015564959248647335,
                "rounds": 492,
                "hd15iqr": 0.00148387900844682,
                "q3": 0.0012204370068502612,
                "min": 0.0010114489996340126,
                "ld15iqr": 0.0010114489996340126,
                "stddev_outliers": 53,
                "outliers": "53;17",
                "median": 0.0010716315009631217
            },
            "group": null,
            "extra_info": {},
            "params": null,
            "options": {
                "max_time": 1.0,
                "disable_gc": false,
                "min_time": 5e-06,
                "min_rounds": 5,
                "warmup": false,
                "timer": "perf_counter"
            },
            "fullname": "tests/benchmarks/test_upsert.py::test_upsert_traditional"
        },
        {
            "param": null,
            "name": "test_upsert_native",
            "stats": {
                "iterations": 1,
                "iqr_outliers": 607,
                "mean": 0.0003042736220612549,
                "max": 0.0006112279952503741,
                "iqr": 8.715745934750885e-06,
                "q1": 0.0002950417510874104,
                "stddev": 3.7887656464164324e-05,
                "rounds": 2289,
                "hd15iqr": 0.00031697298982180655,
                "q3": 0.00030375749702216126,
                "min": 0.0002552110090618953,
                "ld15iqr": 0.00028225500136613846,
                "stddev_outliers": 327,
                "outliers": "327;607",
                "median": 0.00029885499679949135
            },
            "group": null,
            "extra_info": {},
            "params": null,
            "options": {
                "max_time": 1.0,
                "disable_gc": false,
                "min_time": 5e-06,
                "min_rounds": 5,
                "warmup": false,
                "timer": "perf_counter"
            },
            "fullname": "tests/benchmarks/test_upsert.py::test_upsert_native"
        }
    ],
    "version": "3.1.0a2",
    "commit_info": {
        "branch": "master",
        "dirty": true,
        "id": "47c2efb37ab0255b008a86f71a6e254645239fce",
        "project": "django-postgres-extra"
    },
    "machine_info": {
        "system": "Darwin",
        "python_implementation_version": "3.5.2",
        "machine": "x86_64",
        "node": "sectorlabs.ro",
        "python_implementation": "CPython",
        "cpu": {
            "vendor_id": "GenuineIntel",
            "hardware": "unknown",
            "brand": "Intel(R) Core(TM) i7-4870HQ CPU @ 2.50GHz"
        },
        "release": "16.5.0",
        "python_compiler": "GCC 4.2.1 Compatible Apple LLVM 8.0.0 (clang-800.0.38)",
        "python_build": [
            "default",
            "Oct 11 2016 04:59:56"
        ],
        "processor": "i386",
        "python_version": "3.5.2"
    },
    "datetime": "2017-04-09T05:47:03.590381"
}